[
  {
    "timestamp": "2025-05-22T21:47:28.258137",
    "source": "airtable",
    "response_time": 11.506265640258789,
    "status": "error",
    "record_count": 0,
    "error": "unhashable type: 'dict'"
  },
  {
    "timestamp": "2025-05-22T21:47:49.146351",
    "source": "airtable",
    "response_time": 11.41306185722351,
    "status": "error",
    "record_count": 0,
    "error": "unhashable type: 'dict'"
  },
  {
    "timestamp": "2025-05-22T21:47:50.294119",
    "source": "airtable",
    "response_time": 11.684026002883911,
    "status": "error",
    "record_count": 0,
    "error": "unhashable type: 'dict'"
  },
  {
    "timestamp": "2025-05-22T21:48:07.428930",
    "source": "airtable",
    "response_time": 17.10080075263977,
    "status": "error",
    "record_count": 0,
    "error": "unhashable type: 'list'"
  },
  {
    "timestamp": "2025-05-22T21:48:08.009737",
    "source": "meta_campaigns",
    "response_time": 0.5056509971618652,
    "status": "success",
    "record_count": 7,
    "error": null
  },
  {
    "timestamp": "2025-05-22T21:52:33.420365",
    "source": "airtable",
    "response_time": 11.078593969345093,
    "status": "error",
    "record_count": 0,
    "error": "unhashable type: 'dict'"
  },
  {
    "timestamp": "2025-05-22T21:52:50.551874",
    "source": "airtable",
    "response_time": 17.090798377990723,
    "status": "error",
    "record_count": 0,
    "error": "unhashable type: 'list'"
  },
  {
    "timestamp": "2025-05-22T21:52:51.849579",
    "source": "airtable",
    "response_time": 0.26106739044189453,
    "status": "error",
    "record_count": 0,
    "error": "unhashable type: 'dict'"
  },
  {
    "timestamp": "2025-05-22T21:52:52.274226",
    "source": "meta_account_info",
    "response_time": 0.4180567264556885,
    "status": "success",
    "record_count": 1,
    "error": null
  },
  {
    "timestamp": "2025-05-22T21:52:52.731659",
    "source": "meta_campaigns",
    "response_time": 0.4526951313018799,
    "status": "success",
    "record_count": 5,
    "error": null
  },
  {
    "timestamp": "2025-05-22T21:52:53.264658",
    "source": "meta_insights",
    "response_time": 0.5250849723815918,
    "status": "success",
    "record_count": 1,
    "error": null
  },
  {
    "timestamp": "2025-05-22T21:53:54.772985",
    "source": "airtable",
    "response_time": 11.842576742172241,
    "status": "error",
    "record_count": 0,
    "error": "unhashable type: 'dict'"
  },
  {
    "timestamp": "2025-05-22T21:53:55.351779",
    "source": "airtable",
    "response_time": 11.755344152450562,
    "status": "error",
    "record_count": 0,
    "error": "unhashable type: 'dict'"
  },
  {
    "timestamp": "2025-05-22T21:54:03.939806",
    "source": "airtable",
    "response_time": 12.328558921813965,
    "status": "error",
    "record_count": 0,
    "error": "unhashable type: 'dict'"
  },
  {
    "timestamp": "2025-05-22T21:54:18.147546",
    "source": "airtable",
    "response_time": 12.153977155685425,
    "status": "error",
    "record_count": 0,
    "error": "unhashable type: 'dict'"
  },
  {
    "timestamp": "2025-05-22T21:54:21.941349",
    "source": "airtable",
    "response_time": 17.965463638305664,
    "status": "error",
    "record_count": 0,
    "error": "unhashable type: 'list'"
  },
  {
    "timestamp": "2025-05-22T21:54:35.024038",
    "source": "airtable",
    "response_time": 16.832688093185425,
    "status": "error",
    "record_count": 0,
    "error": "unhashable type: 'list'"
  },
  {
    "timestamp": "2025-05-22T21:54:35.481956",
    "source": "meta_campaigns",
    "response_time": 0.3986485004425049,
    "status": "success",
    "record_count": 7,
    "error": null
  },
  {
    "timestamp": "2025-05-22T21:57:12.513738",
    "source": "airtable",
    "response_time": 0.33147764205932617,
    "status": "error",
    "record_count": 0,
    "error": "unhashable type: 'dict'"
  },
  {
    "timestamp": "2025-05-22T21:57:12.938968",
    "source": "meta_account_info",
    "response_time": 0.4218118190765381,
    "status": "success",
    "record_count": 1,
    "error": null
  },
  {
    "timestamp": "2025-05-22T21:57:13.337002",
    "source": "meta_campaigns",
    "response_time": 0.3959217071533203,
    "status": "success",
    "record_count": 5,
    "error": null
  },
  {
    "timestamp": "2025-05-22T21:57:13.779041",
    "source": "meta_insights",
    "response_time": 0.4380645751953125,
    "status": "success",
    "record_count": 1,
    "error": null
  },
  {
    "timestamp": "2025-05-22T21:57:35.880565",
    "source": "airtable",
    "response_time": 13.22077202796936,
    "status": "error",
    "record_count": 0,
    "error": "unhashable type: 'dict'"
  },
  {
    "timestamp": "2025-05-22T21:57:54.096102",
    "source": "airtable",
    "response_time": 18.1392719745636,
    "status": "error",
    "record_count": 0,
    "error": "unhashable type: 'list'"
  },
  {
    "timestamp": "2025-05-22T21:58:36.828416",
    "source": "airtable",
    "response_time": 12.539387226104736,
    "status": "error",
    "record_count": 0,
    "error": "unhashable type: 'dict'"
  },
  {
    "timestamp": "2025-05-22T21:58:55.058823",
    "source": "airtable",
    "response_time": 18.193620443344116,
    "status": "error",
    "record_count": 0,
    "error": "unhashable type: 'list'"
  },
  {
    "timestamp": "2025-05-22T22:00:50.461062",
    "source": "airtable",
    "response_time": 16.08495306968689,
    "status": "error",
    "record_count": 0,
    "error": "unhashable type: 'dict'"
  },
  {
    "timestamp": "2025-05-22T22:01:13.466345",
    "source": "airtable",
    "response_time": 22.97082781791687,
    "status": "error",
    "record_count": 0,
    "error": "unhashable type: 'list'"
  },
  {
    "timestamp": "2025-05-22T22:03:42.374954",
    "source": "airtable",
    "response_time": 0.3630523681640625,
    "status": "error",
    "record_count": 0,
    "error": "unhashable type: 'dict'"
  },
  {
    "timestamp": "2025-05-22T22:03:42.788840",
    "source": "meta_account_info",
    "response_time": 0.41231775283813477,
    "status": "success",
    "record_count": 1,
    "error": null
  },
  {
    "timestamp": "2025-05-22T22:03:43.251606",
    "source": "meta_campaigns",
    "response_time": 0.45863842964172363,
    "status": "success",
    "record_count": 5,
    "error": null
  },
  {
    "timestamp": "2025-05-22T22:03:43.785513",
    "source": "meta_insights",
    "response_time": 0.5321953296661377,
    "status": "success",
    "record_count": 1,
    "error": null
  },
  {
    "timestamp": "2025-05-22T22:05:45.883743",
    "source": "airtable",
    "response_time": 12.695582151412964,
    "status": "error",
    "record_count": 0,
    "error": "unhashable type: 'dict'"
  },
  {
    "timestamp": "2025-05-22T22:06:03.734942",
    "source": "airtable",
    "response_time": 17.82108736038208,
    "status": "error",
    "record_count": 0,
    "error": "unhashable type: 'list'"
  },
  {
    "timestamp": "2025-05-22T22:07:37.471341",
    "source": "airtable",
    "response_time": 12.096796035766602,
    "status": "error",
    "record_count": 0,
    "error": "unhashable type: 'dict'"
  },
  {
    "timestamp": "2025-05-22T22:07:38.243533",
    "source": "airtable",
    "response_time": 11.896597385406494,
    "status": "error",
    "record_count": 0,
    "error": "unhashable type: 'dict'"
  },
  {
    "timestamp": "2025-05-22T22:07:55.496917",
    "source": "airtable",
    "response_time": 17.21497869491577,
    "status": "error",
    "record_count": 0,
    "error": "unhashable type: 'list'"
  },
  {
    "timestamp": "2025-05-22T22:11:57.179379",
    "source": "airtable",
    "response_time": 0.2765529155731201,
    "status": "error",
    "record_count": 0,
    "error": "unhashable type: 'dict'"
  },
  {
    "timestamp": "2025-05-22T22:11:57.590616",
    "source": "meta_account_info",
    "response_time": 0.41011834144592285,
    "status": "success",
    "record_count": 1,
    "error": null
  },
  {
    "timestamp": "2025-05-22T22:11:58.051576",
    "source": "meta_campaigns",
    "response_time": 0.45902299880981445,
    "status": "success",
    "record_count": 5,
    "error": null
  },
  {
    "timestamp": "2025-05-22T22:11:58.581235",
    "source": "meta_insights",
    "response_time": 0.5276176929473877,
    "status": "success",
    "record_count": 1,
    "error": null
  },
  {
    "timestamp": "2025-05-22T22:12:04.750906",
    "source": "airtable",
    "response_time": 0.30564427375793457,
    "status": "error",
    "record_count": 0,
    "error": "unhashable type: 'dict'"
  },
  {
    "timestamp": "2025-05-22T22:12:05.194094",
    "source": "meta_account_info",
    "response_time": 0.440687894821167,
    "status": "success",
    "record_count": 1,
    "error": null
  },
  {
    "timestamp": "2025-05-22T22:12:05.618075",
    "source": "meta_campaigns",
    "response_time": 0.42084240913391113,
    "status": "success",
    "record_count": 5,
    "error": null
  },
  {
    "timestamp": "2025-05-22T22:12:06.047289",
    "source": "meta_insights",
    "response_time": 0.4265575408935547,
    "status": "success",
    "record_count": 1,
    "error": null
  },
  {
    "timestamp": "2025-05-22T22:12:28.176454",
    "source": "airtable",
    "response_time": 11.693225622177124,
    "status": "error",
    "record_count": 0,
    "error": "unhashable type: 'dict'"
  },
  {
    "timestamp": "2025-05-22T22:12:44.438903",
    "source": "airtable",
    "response_time": 16.223662853240967,
    "status": "error",
    "record_count": 0,
    "error": "unhashable type: 'list'"
  },
  {
    "timestamp": "2025-05-22T22:12:44.959145",
    "source": "meta_campaigns",
    "response_time": 0.452251672744751,
    "status": "success",
    "record_count": 7,
    "error": null
  },
  {
    "timestamp": "2025-05-22T22:13:50.498573",
    "source": "airtable",
    "response_time": 11.138557434082031,
    "status": "error",
    "record_count": 0,
    "error": "unhashable type: 'dict'"
  },
  {
    "timestamp": "2025-05-22T22:14:07.348903",
    "source": "airtable",
    "response_time": 16.81721043586731,
    "status": "error",
    "record_count": 0,
    "error": "unhashable type: 'list'"
  },
  {
    "timestamp": "2025-05-22T22:18:13.311513",
    "source": "airtable",
    "response_time": 12.072531700134277,
    "status": "error",
    "record_count": 0,
    "error": "unhashable type: 'dict'"
  },
  {
    "timestamp": "2025-05-22T22:18:31.313668",
    "source": "airtable",
    "response_time": 17.964294910430908,
    "status": "error",
    "record_count": 0,
    "error": "unhashable type: 'list'"
  },
  {
    "timestamp": "2025-05-22T22:22:14.978805",
    "source": "airtable",
    "response_time": 11.461810111999512,
    "status": "error",
    "record_count": 0,
    "error": "unhashable type: 'dict'"
  },
  {
    "timestamp": "2025-05-22T22:22:32.621406",
    "source": "airtable",
    "response_time": 17.608327627182007,
    "status": "error",
    "record_count": 0,
    "error": "unhashable type: 'list'"
  },
  {
    "timestamp": "2025-05-22T22:24:52.291201",
    "source": "airtable",
    "response_time": 10.971757650375366,
    "status": "error",
    "record_count": 0,
    "error": "unhashable type: 'dict'"
  },
  {
    "timestamp": "2025-05-22T22:25:09.732872",
    "source": "airtable",
    "response_time": 17.410353422164917,
    "status": "error",
    "record_count": 0,
    "error": "unhashable type: 'list'"
  },
  {
    "timestamp": "2025-05-22T22:28:27.651852",
    "source": "airtable",
    "response_time": 11.900102376937866,
    "status": "error",
    "record_count": 0,
    "error": "unhashable type: 'dict'"
  },
  {
    "timestamp": "2025-05-22T22:28:44.853673",
    "source": "airtable",
    "response_time": 17.167146921157837,
    "status": "error",
    "record_count": 0,
    "error": "unhashable type: 'list'"
  },
  {
    "timestamp": "2025-05-22T22:28:45.342369",
    "source": "meta_campaigns",
    "response_time": 0.42803049087524414,
    "status": "success",
    "record_count": 7,
    "error": null
  },
  {
    "timestamp": "2025-05-22T22:30:33.109376",
    "source": "airtable",
    "response_time": 11.76584768295288,
    "status": "error",
    "record_count": 0,
    "error": "unhashable type: 'dict'"
  },
  {
    "timestamp": "2025-05-22T22:30:51.423526",
    "source": "airtable",
    "response_time": 18.280944108963013,
    "status": "error",
    "record_count": 0,
    "error": "unhashable type: 'list'"
  },
  {
    "timestamp": "2025-05-22T22:31:17.727380",
    "source": "airtable",
    "response_time": 0.3112783432006836,
    "status": "error",
    "record_count": 0,
    "error": "unhashable type: 'dict'"
  },
  {
    "timestamp": "2025-05-22T22:31:18.108442",
    "source": "meta_account_info",
    "response_time": 0.37853193283081055,
    "status": "success",
    "record_count": 1,
    "error": null
  },
  {
    "timestamp": "2025-05-22T22:31:18.531088",
    "source": "meta_campaigns",
    "response_time": 0.42016100883483887,
    "status": "success",
    "record_count": 5,
    "error": null
  },
  {
    "timestamp": "2025-05-22T22:31:19.055779",
    "source": "meta_insights",
    "response_time": 0.5216872692108154,
    "status": "success",
    "record_count": 1,
    "error": null
  },
  {
    "timestamp": "2025-05-22T22:43:25.279604",
    "source": "airtable",
    "response_time": 11.096085786819458,
    "status": "error",
    "record_count": 0,
    "error": "unhashable type: 'dict'"
  },
  {
    "timestamp": "2025-05-22T22:43:42.632946",
    "source": "airtable",
    "response_time": 17.31686043739319,
    "status": "error",
    "record_count": 0,
    "error": "unhashable type: 'list'"
  },
  {
    "timestamp": "2025-05-22T22:47:26.402444",
    "source": "airtable",
    "response_time": 11.724079370498657,
    "status": "error",
    "record_count": 0,
    "error": "unhashable type: 'dict'"
  },
  {
    "timestamp": "2025-05-22T22:47:43.832626",
    "source": "airtable",
    "response_time": 17.404299020767212,
    "status": "error",
    "record_count": 0,
    "error": "unhashable type: 'list'"
  },
  {
    "timestamp": "2025-05-22T22:47:44.175562",
    "source": "meta_campaigns",
    "response_time": 0.28817009925842285,
    "status": "success",
    "record_count": 7,
    "error": null
  },
  {
    "timestamp": "2025-05-22T22:51:58.547842",
    "source": "airtable",
    "response_time": 11.590025424957275,
    "status": "error",
    "record_count": 0,
    "error": "unhashable type: 'dict'"
  },
  {
    "timestamp": "2025-05-22T22:51:59.376623",
    "source": "airtable",
    "response_time": 11.34203314781189,
    "status": "error",
    "record_count": 0,
    "error": "unhashable type: 'dict'"
  },
  {
    "timestamp": "2025-05-22T22:52:16.821391",
    "source": "airtable",
    "response_time": 17.415485858917236,
    "status": "error",
    "record_count": 0,
    "error": "unhashable type: 'list'"
  },
  {
    "timestamp": "2025-05-22T22:52:34.776849",
    "source": "airtable",
    "response_time": 10.840819120407104,
    "status": "error",
    "record_count": 0,
    "error": "unhashable type: 'dict'"
  },
  {
    "timestamp": "2025-05-22T22:52:35.903377",
    "source": "airtable",
    "response_time": 10.960591077804565,
    "status": "error",
    "record_count": 0,
    "error": "unhashable type: 'dict'"
  },
  {
    "timestamp": "2025-05-22T22:52:52.283608",
    "source": "airtable",
    "response_time": 16.34796452522278,
    "status": "error",
    "record_count": 0,
    "error": "unhashable type: 'list'"
  },
  {
    "timestamp": "2025-05-22T22:53:12.356307",
    "source": "airtable",
    "response_time": 10.835762023925781,
    "status": "error",
    "record_count": 0,
    "error": "unhashable type: 'dict'"
  },
  {
    "timestamp": "2025-05-22T22:53:13.594778",
    "source": "airtable",
    "response_time": 11.193259716033936,
    "status": "error",
    "record_count": 0,
    "error": "unhashable type: 'dict'"
  },
  {
    "timestamp": "2025-05-22T22:53:29.531088",
    "source": "airtable",
    "response_time": 15.900160074234009,
    "status": "error",
    "record_count": 0,
    "error": "unhashable type: 'list'"
  },
  {
    "timestamp": "2025-05-22T22:53:46.754622",
    "source": "airtable",
    "response_time": 10.705156803131104,
    "status": "error",
    "record_count": 0,
    "error": "unhashable type: 'dict'"
  },
  {
    "timestamp": "2025-05-22T22:54:02.481011",
    "source": "airtable",
    "response_time": 15.69797945022583,
    "status": "error",
    "record_count": 0,
    "error": "unhashable type: 'list'"
  },
  {
    "timestamp": "2025-05-22T22:54:58.025305",
    "source": "airtable",
    "response_time": 10.987026929855347,
    "status": "error",
    "record_count": 0,
    "error": "unhashable type: 'dict'"
  },
  {
    "timestamp": "2025-05-22T22:55:15.536358",
    "source": "airtable",
    "response_time": 17.475910902023315,
    "status": "error",
    "record_count": 0,
    "error": "unhashable type: 'list'"
  },
  {
    "timestamp": "2025-05-22T22:58:29.373515",
    "source": "airtable",
    "response_time": 11.19621205329895,
    "status": "error",
    "record_count": 0,
    "error": "unhashable type: 'dict'"
  },
  {
    "timestamp": "2025-05-22T23:00:24.383624",
    "source": "airtable",
    "response_time": 13.179661750793457,
    "status": "error",
    "record_count": 0,
    "error": "unhashable type: 'dict'"
  },
  {
    "timestamp": "2025-05-22T23:00:25.360267",
    "source": "airtable",
    "response_time": 13.081539869308472,
    "status": "error",
    "record_count": 0,
    "error": "unhashable type: 'dict'"
  },
  {
    "timestamp": "2025-05-22T23:00:45.685792",
    "source": "airtable",
    "response_time": 20.289761543273926,
    "status": "error",
    "record_count": 0,
    "error": "unhashable type: 'list'"
  },
  {
    "timestamp": "2025-05-22T23:01:04.150375",
    "source": "airtable",
    "response_time": 12.168506145477295,
    "status": "error",
    "record_count": 0,
    "error": "unhashable type: 'dict'"
  },
  {
    "timestamp": "2025-05-22T23:01:22.803558",
    "source": "airtable",
    "response_time": 18.61958336830139,
    "status": "error",
    "record_count": 0,
    "error": "unhashable type: 'list'"
  },
  {
    "timestamp": "2025-05-22T23:06:36.279590",
    "source": "airtable",
    "response_time": 0.2825961112976074,
    "status": "error",
    "record_count": 0,
    "error": "unhashable type: 'dict'"
  },
  {
    "timestamp": "2025-05-22T23:06:36.554845",
    "source": "meta_account_info",
    "response_time": 0.271026611328125,
    "status": "success",
    "record_count": 1,
    "error": null
  },
  {
    "timestamp": "2025-05-22T23:06:36.847039",
    "source": "meta_campaigns",
    "response_time": 0.2890443801879883,
    "status": "success",
    "record_count": 5,
    "error": null
  },
  {
    "timestamp": "2025-05-22T23:06:37.255354",
    "source": "meta_insights",
    "response_time": 0.40091538429260254,
    "status": "success",
    "record_count": 1,
    "error": null
  },
  {
    "timestamp": "2025-05-22T23:09:20.404683",
    "source": "airtable",
    "response_time": 11.965155363082886,
    "status": "error",
    "record_count": 0,
    "error": "unhashable type: 'dict'"
  },
  {
    "timestamp": "2025-05-22T23:09:52.928954",
    "source": "airtable",
    "response_time": 12.39072561264038,
    "status": "error",
    "record_count": 0,
    "error": "unhashable type: 'dict'"
  },
  {
    "timestamp": "2025-05-22T23:09:54.113642",
    "source": "airtable",
    "response_time": 12.426241397857666,
    "status": "error",
    "record_count": 0,
    "error": "unhashable type: 'dict'"
  },
  {
    "timestamp": "2025-05-22T23:10:21.668585",
    "source": "airtable",
    "response_time": 27.501546382904053,
    "status": "error",
    "record_count": 0,
    "error": "unhashable type: 'list'"
  },
  {
    "timestamp": "2025-05-22T23:10:22.029435",
    "source": "meta_campaigns",
    "response_time": 0.3058891296386719,
    "status": "success",
    "record_count": 7,
    "error": null
  },
  {
    "timestamp": "2025-05-22T23:12:34.843630",
    "source": "airtable",
    "response_time": 11.534891605377197,
    "status": "error",
    "record_count": 0,
    "error": "unhashable type: 'dict'"
  },
  {
    "timestamp": "2025-05-22T23:12:35.566349",
    "source": "airtable",
    "response_time": 11.38256311416626,
    "status": "error",
    "record_count": 0,
    "error": "unhashable type: 'dict'"
  },
  {
    "timestamp": "2025-05-22T23:12:52.845544",
    "source": "airtable",
    "response_time": 17.23693060874939,
    "status": "error",
    "record_count": 0,
    "error": "unhashable type: 'list'"
  },
  {
    "timestamp": "2025-05-22T23:17:12.620634",
    "source": "airtable",
    "response_time": 12.276097059249878,
    "status": "error",
    "record_count": 0,
    "error": "unhashable type: 'dict'"
  },
  {
    "timestamp": "2025-05-22T23:17:12.929957",
    "source": "airtable",
    "response_time": 11.693455934524536,
    "status": "error",
    "record_count": 0,
    "error": "unhashable type: 'dict'"
  },
  {
    "timestamp": "2025-05-22T23:17:25.662876",
    "source": "airtable",
    "response_time": 11.873580694198608,
    "status": "error",
    "record_count": 0,
    "error": "unhashable type: 'dict'"
  },
  {
    "timestamp": "2025-05-22T23:17:30.670369",
    "source": "airtable",
    "response_time": 17.696720838546753,
    "status": "error",
    "record_count": 0,
    "error": "unhashable type: 'list'"
  },
  {
    "timestamp": "2025-05-22T23:18:49.204236",
    "source": "airtable",
    "response_time": 11.966056823730469,
    "status": "error",
    "record_count": 0,
    "error": "unhashable type: 'dict'"
  },
  {
    "timestamp": "2025-05-22T23:19:06.114759",
    "source": "airtable",
    "response_time": 16.87593913078308,
    "status": "error",
    "record_count": 0,
    "error": "unhashable type: 'list'"
  },
  {
    "timestamp": "2025-05-22T23:19:26.149032",
    "source": "airtable",
    "response_time": 11.904231548309326,
    "status": "error",
    "record_count": 0,
    "error": "unhashable type: 'dict'"
  },
  {
    "timestamp": "2025-05-22T23:19:26.829482",
    "source": "airtable",
    "response_time": 11.73677110671997,
    "status": "error",
    "record_count": 0,
    "error": "unhashable type: 'dict'"
  },
  {
    "timestamp": "2025-05-22T23:19:34.431374",
    "source": "airtable",
    "response_time": 11.372773885726929,
    "status": "error",
    "record_count": 0,
    "error": "unhashable type: 'dict'"
  },
  {
    "timestamp": "2025-05-22T23:19:52.033752",
    "source": "airtable",
    "response_time": 17.568502187728882,
    "status": "error",
    "record_count": 0,
    "error": "unhashable type: 'list'"
  },
  {
    "timestamp": "2025-05-22T23:27:06.897748",
    "source": "airtable",
    "response_time": 11.495080947875977,
    "status": "error",
    "record_count": 0,
    "error": "unhashable type: 'dict'"
  },
  {
    "timestamp": "2025-05-22T23:27:07.845490",
    "source": "airtable",
    "response_time": 11.366714477539062,
    "status": "error",
    "record_count": 0,
    "error": "unhashable type: 'dict'"
  },
  {
    "timestamp": "2025-05-22T23:27:25.032441",
    "source": "airtable",
    "response_time": 17.153708934783936,
    "status": "error",
    "record_count": 0,
    "error": "unhashable type: 'list'"
  },
  {
    "timestamp": "2025-05-22T23:27:25.413946",
    "source": "meta_campaigns",
    "response_time": 0.31566643714904785,
    "status": "success",
    "record_count": 7,
    "error": null
  },
  {
    "timestamp": "2025-05-22T23:32:50.490663",
    "source": "airtable",
    "response_time": 11.33385419845581,
    "status": "error",
    "record_count": 0,
    "error": "unhashable type: 'dict'"
  },
  {
    "timestamp": "2025-05-22T23:32:51.801894",
    "source": "airtable",
    "response_time": 11.588665246963501,
    "status": "error",
    "record_count": 0,
    "error": "unhashable type: 'dict'"
  },
  {
    "timestamp": "2025-05-22T23:33:09.318339",
    "source": "airtable",
    "response_time": 17.476478338241577,
    "status": "error",
    "record_count": 0,
    "error": "unhashable type: 'list'"
  },
  {
    "timestamp": "2025-05-22T23:33:23.158161",
    "source": "airtable",
    "response_time": 11.990370988845825,
    "status": "error",
    "record_count": 0,
    "error": "unhashable type: 'dict'"
  },
  {
    "timestamp": "2025-05-22T23:33:24.037533",
    "source": "airtable",
    "response_time": 11.873292684555054,
    "status": "error",
    "record_count": 0,
    "error": "unhashable type: 'dict'"
  },
  {
    "timestamp": "2025-05-22T23:33:39.836130",
    "source": "airtable",
    "response_time": 15.766732454299927,
    "status": "error",
    "record_count": 0,
    "error": "unhashable type: 'list'"
  },
  {
    "timestamp": "2025-05-22T23:33:57.982306",
    "source": "airtable",
    "response_time": 11.250006437301636,
    "status": "error",
    "record_count": 0,
    "error": "unhashable type: 'dict'"
  },
  {
    "timestamp": "2025-05-22T23:33:58.578385",
    "source": "airtable",
    "response_time": 10.947020292282104,
    "status": "error",
    "record_count": 0,
    "error": "unhashable type: 'dict'"
  },
  {
    "timestamp": "2025-05-22T23:34:15.729736",
    "source": "airtable",
    "response_time": 17.115940809249878,
    "status": "error",
    "record_count": 0,
    "error": "unhashable type: 'list'"
  },
  {
    "timestamp": "2025-05-22T23:37:33.911917",
    "source": "airtable",
    "response_time": 10.867843866348267,
    "status": "error",
    "record_count": 0,
    "error": "unhashable type: 'dict'"
  },
  {
    "timestamp": "2025-05-22T23:37:34.374382",
    "source": "airtable",
    "response_time": 10.505012035369873,
    "status": "error",
    "record_count": 0,
    "error": "unhashable type: 'dict'"
  },
  {
    "timestamp": "2025-05-22T23:37:50.366095",
    "source": "airtable",
    "response_time": 15.958002090454102,
    "status": "error",
    "record_count": 0,
    "error": "unhashable type: 'list'"
  },
  {
    "timestamp": "2025-05-22T23:38:08.133977",
    "source": "airtable",
    "response_time": 11.498177766799927,
    "status": "error",
    "record_count": 0,
    "error": "unhashable type: 'dict'"
  },
  {
    "timestamp": "2025-05-22T23:38:08.532770",
    "source": "airtable",
    "response_time": 10.99521541595459,
    "status": "error",
    "record_count": 0,
    "error": "unhashable type: 'dict'"
  },
  {
    "timestamp": "2025-05-22T23:38:25.147826",
    "source": "airtable",
    "response_time": 16.5794939994812,
    "status": "error",
    "record_count": 0,
    "error": "unhashable type: 'list'"
  },
  {
    "timestamp": "2025-05-22T23:40:58.786159",
    "source": "airtable",
    "response_time": 11.157426118850708,
    "status": "error",
    "record_count": 0,
    "error": "unhashable type: 'dict'"
  },
  {
    "timestamp": "2025-05-22T23:40:59.685014",
    "source": "airtable",
    "response_time": 11.173389911651611,
    "status": "error",
    "record_count": 0,
    "error": "unhashable type: 'dict'"
  },
  {
    "timestamp": "2025-05-22T23:41:17.222784",
    "source": "airtable",
    "response_time": 17.50276827812195,
    "status": "error",
    "record_count": 0,
    "error": "unhashable type: 'list'"
  }
]