{
  "env_vars": {
    "AIRTABLE_API_KEY": {
      "exists": true,
      "length": 82,
      "valid": true
    },
    "META_ACCESS_TOKEN": {
      "exists": true,
      "length": 218,
      "valid": true
    },
    "META_AD_ACCOUNT_ID": {
      "exists": true,
      "length": 15,
      "valid": true
    },
    "META_PIXEL_ID": {
      "exists": true,
      "length": 15,
      "valid": true
    }
  },
  "airtable": {
    "status": "error",
    "error": "('403 Client Error: Forbidden for url: https://api.airtable.com/v0/appwPsfAb2ZmWqhJD/tblhU4gONxgdA5jTF?maxRecords=5', \"{'type': 'INVALID_PERMISSIONS_OR_MODEL_NOT_FOUND', 'message': 'Invalid permissions, or the requested model was not found. Check that both your user and your token have the required permissions, and that the model names and/or ids are correct.'}\")"
  },
  "meta": {
    "status": "success",
    "insights_count": 1,
    "total_spend": 465.83,
    "sample_insight": {
      "spend": "465.83",
      "impressions": "28120",
      "clicks": "489",
      "date_start": "2025-06-05",
      "date_stop": "2025-06-11"
    }
  },
  "data_analysis": {},
  "optimizations": []
}